-- phpMyAdmin SQL Dump
-- version 5.2.1
-- https://www.phpmyadmin.net/
--
-- Host: localhost:3306
-- Generation Time: Jan 11, 2025 at 03:18 PM
-- Server version: 10.4.33-MariaDB-log
-- PHP Version: 7.4.33

SET SQL_MODE = "NO_AUTO_VALUE_ON_ZERO";
START TRANSACTION;
SET time_zone = "+00:00";


/*!40101 SET @OLD_CHARACTER_SET_CLIENT=@@CHARACTER_SET_CLIENT */;
/*!40101 SET @OLD_CHARACTER_SET_RESULTS=@@CHARACTER_SET_RESULTS */;
/*!40101 SET @OLD_COLLATION_CONNECTION=@@COLLATION_CONNECTION */;
/*!40101 SET NAMES utf8mb4 */;

--
-- Database: `open`
--

-- --------------------------------------------------------

--
-- Table structure for table `academic_syllabus`
--

CREATE TABLE `academic_syllabus` (
  `id` int(11) NOT NULL,
  `academic_syllabus_code` longtext CHARACTER SET utf8 COLLATE utf8_unicode_ci NOT NULL,
  `title` longtext CHARACTER SET utf8 COLLATE utf8_unicode_ci NOT NULL,
  `class_id` int(11) NOT NULL,
  `subject_id` int(11) NOT NULL,
  `description` longtext CHARACTER SET utf8 COLLATE utf8_unicode_ci NOT NULL,
  `uploader_type` longtext CHARACTER SET utf8 COLLATE utf8_unicode_ci NOT NULL,
  `uploader_id` longtext CHARACTER SET utf8 COLLATE utf8_unicode_ci NOT NULL,
  `session` longtext CHARACTER SET utf8 COLLATE utf8_unicode_ci NOT NULL,
  `timestamp` int(11) NOT NULL,
  `file_name` longtext CHARACTER SET utf8 COLLATE utf8_unicode_ci NOT NULL
) ENGINE=MyISAM DEFAULT CHARSET=latin1 COLLATE=latin1_swedish_ci;

-- --------------------------------------------------------

--
-- Table structure for table `activity`
--

CREATE TABLE `activity` (
  `activity_id` int(11) NOT NULL,
  `name` longtext CHARACTER SET utf8 COLLATE utf8_unicode_ci NOT NULL,
  `colour` longtext CHARACTER SET utf8 COLLATE utf8_unicode_ci NOT NULL,
  `icon` longtext CHARACTER SET utf8 COLLATE utf8_unicode_ci NOT NULL,
  `club_id` int(11) NOT NULL,
  `description` longtext CHARACTER SET utf8 COLLATE utf8_unicode_ci NOT NULL,
  `date` longtext CHARACTER SET utf8 COLLATE utf8_unicode_ci NOT NULL
) ENGINE=MyISAM DEFAULT CHARSET=latin1 COLLATE=latin1_swedish_ci;

-- --------------------------------------------------------

--
-- Table structure for table `admin`
--

CREATE TABLE `admin` (
  `admin_id` int(11) NOT NULL,
  `name` longtext NOT NULL,
  `email` longtext NOT NULL,
  `phone` longtext NOT NULL,
  `password` longtext NOT NULL,
  `level` longtext NOT NULL,
  `login_status` longtext NOT NULL
) ENGINE=InnoDB DEFAULT CHARSET=utf8 COLLATE=utf8_unicode_ci;

--
-- Dumping data for table `admin`
--

INSERT INTO `admin` (`admin_id`, `name`, `email`, `phone`, `password`, `level`, `login_status`) VALUES
(1, 'Super Administrator', 'superadmin@gmail.com', '07133445656', '889a3a791b3875cfae413574b53da4bb8a90d53e', '1', '1');

-- --------------------------------------------------------

--
-- Table structure for table `admin_role`
--

CREATE TABLE `admin_role` (
  `admin_role_id` int(11) NOT NULL,
  `admin_id` int(11) NOT NULL,
  `dashboard` int(11) NOT NULL,
  `manage_academics` int(11) NOT NULL,
  `manage_employee` int(11) NOT NULL,
  `manage_student` int(11) NOT NULL,
  `manage_attendance` int(11) NOT NULL,
  `download_page` int(11) NOT NULL,
  `manage_parent` int(11) NOT NULL,
  `manage_alumni` int(11) NOT NULL
) ENGINE=MyISAM DEFAULT CHARSET=latin1 COLLATE=latin1_swedish_ci;

--
-- Dumping data for table `admin_role`
--

INSERT INTO `admin_role` (`admin_role_id`, `admin_id`, `dashboard`, `manage_academics`, `manage_employee`, `manage_student`, `manage_attendance`, `download_page`, `manage_parent`, `manage_alumni`) VALUES
(4, 1, 1, 1, 1, 1, 1, 1, 1, 1),
(7, 9, 1, 1, 1, 1, 1, 1, 1, 1);

-- --------------------------------------------------------

--
-- Table structure for table `assignment`
--

CREATE TABLE `assignment` (
  `assignment_id` int(11) NOT NULL,
  `name` longtext CHARACTER SET utf8 COLLATE utf8_unicode_ci NOT NULL,
  `subject_id` int(11) NOT NULL,
  `class_id` int(11) NOT NULL,
  `teacher_id` int(11) NOT NULL,
  `description` longtext CHARACTER SET utf8 COLLATE utf8_unicode_ci NOT NULL,
  `file_name` longtext CHARACTER SET utf8 COLLATE utf8_unicode_ci NOT NULL,
  `file_type` longtext CHARACTER SET utf8 COLLATE utf8_unicode_ci NOT NULL,
  `timestamp` longtext CHARACTER SET utf8 COLLATE utf8_unicode_ci NOT NULL
) ENGINE=MyISAM DEFAULT CHARSET=latin1 COLLATE=latin1_swedish_ci;

--
-- Dumping data for table `assignment`
--

INSERT INTO `assignment` (`assignment_id`, `name`, `subject_id`, `class_id`, `teacher_id`, `description`, `file_name`, `file_type`, `timestamp`) VALUES
(1, 'Assignment for Nursery One', 4, 2, 1, 'DESC', 'invoice.docx', 'pdf', '2018-08-19');

-- --------------------------------------------------------

--
-- Table structure for table `attendance`
--

CREATE TABLE `attendance` (
  `attendance_id` int(11) NOT NULL,
  `status` int(11) NOT NULL COMMENT '0 undefined , 1 present , 2  absent, 3 holiday, 4 half day, 5 late',
  `student_id` int(11) NOT NULL,
  `date` date NOT NULL,
  `session` varchar(200) CHARACTER SET utf8 COLLATE utf8_unicode_ci NOT NULL DEFAULT '0'
) ENGINE=InnoDB DEFAULT CHARSET=latin1 COLLATE=latin1_swedish_ci;

--
-- Dumping data for table `attendance`
--

INSERT INTO `attendance` (`attendance_id`, `status`, `student_id`, `date`, `session`) VALUES
(1, 4, 45, '2024-09-29', '0'),
(2, 4, 45, '2025-01-11', '0');

-- --------------------------------------------------------

--
-- Table structure for table `bank`
--

CREATE TABLE `bank` (
  `bank_id` int(11) NOT NULL,
  `account_holder_name` longtext CHARACTER SET utf8 COLLATE utf8_unicode_ci NOT NULL,
  `account_number` longtext CHARACTER SET utf8 COLLATE utf8_unicode_ci NOT NULL,
  `bank_name` longtext CHARACTER SET utf8 COLLATE utf8_unicode_ci NOT NULL,
  `branch` longtext CHARACTER SET utf8 COLLATE utf8_unicode_ci NOT NULL
) ENGINE=MyISAM DEFAULT CHARSET=latin1 COLLATE=latin1_swedish_ci;

--
-- Dumping data for table `bank`
--

INSERT INTO `bank` (`bank_id`, `account_holder_name`, `account_number`, `bank_name`, `branch`) VALUES
(2, 'Udemy Instructor', '1234567', 'Payoneer or paypal', 'USA'),
(3, 'Udemy Instructor', '1234567', 'Payoneer or paypal', 'USA'),
(4, 'Udemy Instructor', '1234567', 'Payoneer or paypal', 'USA');

-- --------------------------------------------------------

--
-- Table structure for table `book`
--

CREATE TABLE `book` (
  `book_id` int(11) NOT NULL,
  `name` longtext CHARACTER SET utf8 COLLATE utf8_unicode_ci NOT NULL,
  `description` longtext CHARACTER SET utf8 COLLATE utf8_unicode_ci NOT NULL,
  `author_id` int(11) NOT NULL,
  `publisher_id` int(11) NOT NULL,
  `book_category_id` int(11) NOT NULL,
  `isbn` longtext CHARACTER SET utf8 COLLATE utf8_unicode_ci NOT NULL,
  `edition` longtext CHARACTER SET utf8 COLLATE utf8_unicode_ci NOT NULL,
  `subject_id` int(11) NOT NULL,
  `quantity` longtext CHARACTER SET utf8 COLLATE utf8_unicode_ci NOT NULL,
  `timestamp` int(11) NOT NULL,
  `class_id` int(11) NOT NULL,
  `status` varchar(255) CHARACTER SET utf8 COLLATE utf8_unicode_ci NOT NULL,
  `price` varchar(255) CHARACTER SET utf8 COLLATE utf8_unicode_ci NOT NULL
) ENGINE=MyISAM DEFAULT CHARSET=latin1 COLLATE=latin1_swedish_ci;

--
-- Dumping data for table `book`
--

INSERT INTO `book` (`book_id`, `name`, `description`, `author_id`, `publisher_id`, `book_category_id`, `isbn`, `edition`, `subject_id`, `quantity`, `timestamp`, `class_id`, `status`, `price`) VALUES
(1, 'Advance Java.', 'This is the newly released book by Sheg', 2, 1, 2, 'DS34FD', '1st', 0, '1', 1576951200, 2, '1', '200'),
(2, 'Python', 'Python', 2, 1, 2, 'DS34FD', '1st', 4, '2', 1574186400, 2, '2', '500');

-- --------------------------------------------------------

--
-- Table structure for table `book_category`
--

CREATE TABLE `book_category` (
  `book_category_id` int(11) NOT NULL,
  `name` longtext CHARACTER SET utf8 COLLATE utf8_unicode_ci NOT NULL,
  `description` longtext CHARACTER SET utf8 COLLATE utf8_unicode_ci NOT NULL
) ENGINE=MyISAM DEFAULT CHARSET=latin1 COLLATE=latin1_swedish_ci;

--
-- Dumping data for table `book_category`
--

INSERT INTO `book_category` (`book_category_id`, `name`, `description`) VALUES
(2, 'Non fictional.', 'This is another non-fictional book');

-- --------------------------------------------------------

--
-- Table structure for table `circular`
--

CREATE TABLE `circular` (
  `circular_id` int(11) NOT NULL,
  `title` longtext CHARACTER SET utf8 COLLATE utf8_unicode_ci NOT NULL,
  `reference` longtext CHARACTER SET utf8 COLLATE utf8_unicode_ci NOT NULL,
  `content` longtext CHARACTER SET utf8 COLLATE utf8_unicode_ci NOT NULL,
  `date` longtext CHARACTER SET utf8 COLLATE utf8_unicode_ci NOT NULL
) ENGINE=MyISAM DEFAULT CHARSET=latin1 COLLATE=latin1_swedish_ci;

--
-- Dumping data for table `circular`
--

INSERT INTO `circular` (`circular_id`, `title`, `reference`, `content`, `date`) VALUES
(2, 'Meeting for all the members of the school', 'DF46SFGH', 'This is for all the teaching staff. Ensure you are all present.', '2018-08-24');

-- --------------------------------------------------------

--
-- Table structure for table `ci_sessions`
--

CREATE TABLE `ci_sessions` (
  `id` varchar(40) NOT NULL,
  `ip_address` varchar(45) NOT NULL,
  `timestamp` int(10) UNSIGNED NOT NULL DEFAULT 0,
  `data` blob NOT NULL
) ENGINE=InnoDB DEFAULT CHARSET=utf8 COLLATE=utf8_unicode_ci;

--
-- Dumping data for table `ci_sessions`
--

INSERT INTO `ci_sessions` (`id`, `ip_address`, `timestamp`, `data`) VALUES
('134shs69443tg39i88e5thucnd3a7i75', '::1', 1725448691, 0x5f5f63695f6c6173745f726567656e65726174657c693a313732353434383639313b6572726f725f6d6573736167657c733a32333a2257726f6e6720456d61696c204f722050617373776f7264223b5f5f63695f766172737c613a323a7b733a31333a226572726f725f6d657373616765223b733a333a226f6c64223b733a31333a22666c6173685f6d657373616765223b733a333a226f6c64223b7d6c6f67696e5f747970657c733a373a2274656163686572223b746561636865725f6c6f67696e7c733a313a2231223b746561636865725f69647c733a313a2231223b6c6f67696e5f757365725f69647c733a313a2231223b6e616d657c733a31353a2254657374696e672054656163686572223b666c6173685f6d6573736167657c733a31383a225375636365737366756c6c79204c6f67696e223b),
('2ven8m84bv94hn3ckjd49l6f8nlt9rje', '::1', 1724733036, 0x5f5f63695f6c6173745f726567656e65726174657c693a313732343733323938323b6c6f67696e5f747970657c733a373a2274656163686572223b746561636865725f6c6f67696e7c733a313a2231223b746561636865725f69647c733a313a2231223b6c6f67696e5f757365725f69647c733a313a2231223b6e616d657c733a31353a2254657374696e672054656163686572223b666c6173685f6d6573736167657c733a31383a225375636365737366756c6c79204c6f67696e223b5f5f63695f766172737c613a313a7b733a31333a22666c6173685f6d657373616765223b733a333a226f6c64223b7d),
('40rnnaebp3k53iurmksph20dbu7tquhv', '::1', 1725456098, 0x5f5f63695f6c6173745f726567656e65726174657c693a313732353435363039383b),
('4tsu5jmg9oqpjb790h7vq0k0dpa0o1kg', '::1', 1725221582, 0x5f5f63695f6c6173745f726567656e65726174657c693a313732353232313538323b),
('64a4g9thedou7j8qhh6splnjo96dgp35', '::1', 1725254081, 0x5f5f63695f6c6173745f726567656e65726174657c693a313732353235343038313b6c6f67696e5f747970657c733a373a2274656163686572223b746561636865725f6c6f67696e7c733a313a2231223b746561636865725f69647c733a313a2231223b6c6f67696e5f757365725f69647c733a313a2231223b6e616d657c733a31353a2254657374696e672054656163686572223b666c6173685f6d6573736167657c733a31383a225375636365737366756c6c79204c6f67696e223b5f5f63695f766172737c613a313a7b733a31333a22666c6173685f6d657373616765223b733a333a226f6c64223b7d),
('7urul96aqn65rq1hi0tcadv72k09ampg', '::1', 1736599892, 0x5f5f63695f6c6173745f726567656e65726174657c693a313733363539393839313b),
('8kt10iajirj0253eavf4ia6kq0a0ak55', '::1', 1736608141, 0x5f5f63695f6c6173745f726567656e65726174657c693a313733363630383134313b6c6f67696e5f747970657c733a353a2261646d696e223b61646d696e5f6c6f67696e7c733a313a2231223b61646d696e5f69647c733a313a2231223b6c6f67696e5f757365725f69647c733a313a2231223b6e616d657c733a31393a2253757065722041646d696e6973747261746f72223b),
('8vnfpn9mi6v15mjhhd5h423nm040f02e', '::1', 1725253735, 0x5f5f63695f6c6173745f726567656e65726174657c693a313732353235333733353b6c6f67696e5f747970657c733a373a2274656163686572223b746561636865725f6c6f67696e7c733a313a2231223b746561636865725f69647c733a313a2231223b6c6f67696e5f757365725f69647c733a313a2231223b6e616d657c733a31353a2254657374696e672054656163686572223b666c6173685f6d6573736167657c733a31383a225375636365737366756c6c79204c6f67696e223b5f5f63695f766172737c613a313a7b733a31333a22666c6173685f6d657373616765223b733a333a226f6c64223b7d),
('96mu8dqii4pjapnuelv3m7jicehreh86', '::1', 1736608654, 0x5f5f63695f6c6173745f726567656e65726174657c693a313733363630383634303b6c6f67696e5f747970657c733a353a2261646d696e223b61646d696e5f6c6f67696e7c733a313a2231223b61646d696e5f69647c733a313a2231223b6c6f67696e5f757365725f69647c733a313a2231223b6e616d657c733a31393a2253757065722041646d696e6973747261746f72223b),
('9j0c0pumomtfnqero4dclun92ppr93lb', '::1', 1725447501, 0x5f5f63695f6c6173745f726567656e65726174657c693a313732353434373530313b6c6f67696e5f747970657c733a353a2261646d696e223b61646d696e5f6c6f67696e7c733a313a2231223b61646d696e5f69647c733a313a2231223b6c6f67696e5f757365725f69647c733a313a2231223b6e616d657c733a31393a2253757065722041646d696e6973747261746f72223b666c6173685f6d6573736167657c733a31383a225375636365737366756c6c79204c6f67696e223b5f5f63695f766172737c613a313a7b733a31333a22666c6173685f6d657373616765223b733a333a226f6c64223b7d),
('aae0dggbiidlb37q3bg3m8phc5bskj65', '::1', 1725452114, 0x5f5f63695f6c6173745f726567656e65726174657c693a313732353435323131343b6c6f67696e5f747970657c733a363a22706172656e74223b706172656e745f6c6f67696e7c733a313a2231223b706172656e745f69647c733a313a2234223b6c6f67696e5f757365725f69647c733a313a2234223b6e616d657c733a31303a224d722e20506172656e74223b666c6173685f6d6573736167657c733a31383a225375636365737366756c6c79204c6f67696e223b5f5f63695f766172737c613a313a7b733a31333a22666c6173685f6d657373616765223b733a333a226f6c64223b7d),
('anoarspg3b6u7srbs3t4obhft5cd882q', '::1', 1725456057, 0x5f5f63695f6c6173745f726567656e65726174657c693a313732353435363035373b6c6f67696e5f747970657c733a363a22706172656e74223b706172656e745f6c6f67696e7c733a313a2231223b706172656e745f69647c733a313a2234223b6c6f67696e5f757365725f69647c733a313a2234223b6e616d657c733a31303a224d722e20506172656e74223b666c6173685f6d6573736167657c733a31383a225375636365737366756c6c79204c6f67696e223b5f5f63695f766172737c613a313a7b733a31333a22666c6173685f6d657373616765223b733a333a226f6c64223b7d),
('aor6f89h3pqb8s3safduc2ufn6bg501m', '::1', 1732456020, 0x5f5f63695f6c6173745f726567656e65726174657c693a313733323435353934303b6572726f725f6d6573736167657c733a32333a2257726f6e6720456d61696c204f722050617373776f7264223b5f5f63695f766172737c613a323a7b733a31333a226572726f725f6d657373616765223b733a333a226f6c64223b733a31333a22666c6173685f6d657373616765223b733a333a226f6c64223b7d6c6f67696e5f747970657c733a353a2261646d696e223b61646d696e5f6c6f67696e7c733a313a2231223b61646d696e5f69647c733a313a2231223b6c6f67696e5f757365725f69647c733a313a2231223b6e616d657c733a31393a2253757065722041646d696e6973747261746f72223b666c6173685f6d6573736167657c733a31383a225375636365737366756c6c79204c6f67696e223b),
('aqphoqbr0t32eqljjsrima4pn8kcu6og', '::1', 1725259915, 0x5f5f63695f6c6173745f726567656e65726174657c693a313732353235393731363b6c6f67696e5f747970657c733a353a2261646d696e223b61646d696e5f6c6f67696e7c733a313a2231223b61646d696e5f69647c733a313a2231223b6c6f67696e5f757365725f69647c733a313a2231223b6e616d657c733a31393a2253757065722041646d696e6973747261746f72223b666c6173685f6d6573736167657c733a31383a225375636365737366756c6c79204c6f67696e223b5f5f63695f766172737c613a313a7b733a31333a22666c6173685f6d657373616765223b733a333a226f6c64223b7d),
('dh7o04ts86p35jrk1cspvprvfkb3ldqn', '::1', 1727604831, 0x5f5f63695f6c6173745f726567656e65726174657c693a313732373630343733333b6572726f725f6d6573736167657c733a32333a2257726f6e6720456d61696c204f722050617373776f7264223b5f5f63695f766172737c613a323a7b733a31333a226572726f725f6d657373616765223b733a333a226f6c64223b733a31333a22666c6173685f6d657373616765223b733a333a226f6c64223b7d6c6f67696e5f747970657c733a353a2261646d696e223b61646d696e5f6c6f67696e7c733a313a2231223b61646d696e5f69647c733a313a2231223b6c6f67696e5f757365725f69647c733a313a2231223b6e616d657c733a31393a2253757065722041646d696e6973747261746f72223b666c6173685f6d6573736167657c733a31383a225375636365737366756c6c79204c6f67696e223b),
('dtmvujk9pb6aq9ahp7pfpn0q568c49d1', '::1', 1725451469, 0x5f5f63695f6c6173745f726567656e65726174657c693a313732353435313436393b6c6f67696e5f747970657c733a363a22706172656e74223b706172656e745f6c6f67696e7c733a313a2231223b706172656e745f69647c733a313a2234223b6c6f67696e5f757365725f69647c733a313a2234223b6e616d657c733a31303a224d722e20506172656e74223b666c6173685f6d6573736167657c733a31383a225375636365737366756c6c79204c6f67696e223b5f5f63695f766172737c613a313a7b733a31333a22666c6173685f6d657373616765223b733a333a226f6c64223b7d),
('dutb5pq2uqia7vsh4t04f9pmg71m6dbv', '::1', 1732463404, 0x5f5f63695f6c6173745f726567656e65726174657c693a313733323436333339383b6c6f67696e5f747970657c733a353a2261646d696e223b61646d696e5f6c6f67696e7c733a313a2231223b61646d696e5f69647c733a313a2231223b6c6f67696e5f757365725f69647c733a313a2231223b6e616d657c733a31393a2253757065722041646d696e6973747261746f72223b666c6173685f6d6573736167657c733a31383a225375636365737366756c6c79204c6f67696e223b5f5f63695f766172737c613a313a7b733a31333a22666c6173685f6d657373616765223b733a333a226f6c64223b7d),
('dvk5ckrm7425k8u8ejariv4vq2dkt91e', '::1', 1724646552, 0x5f5f63695f6c6173745f726567656e65726174657c693a313732343634363535323b6c6f67696e5f747970657c733a353a2261646d696e223b61646d696e5f6c6f67696e7c733a313a2231223b61646d696e5f69647c733a313a2231223b6c6f67696e5f757365725f69647c733a313a2231223b6e616d657c733a31333a2241646d696e6973747261746f72223b666c6173685f6d6573736167657c733a31383a225375636365737366756c6c79204c6f67696e223b5f5f63695f766172737c613a313a7b733a31333a22666c6173685f6d657373616765223b733a333a226f6c64223b7d),
('dvn4q8e2rv271qrg0v3l3vsellhdeujr', '::1', 1724646828, 0x5f5f63695f6c6173745f726567656e65726174657c693a313732343634363832383b),
('e1rip8fl2fbebher131indja9ik62ri4', '::1', 1736173664, 0x5f5f63695f6c6173745f726567656e65726174657c693a313733363137333636333b6c6f67696e5f747970657c733a353a2261646d696e223b61646d696e5f6c6f67696e7c733a313a2231223b61646d696e5f69647c733a313a2231223b6c6f67696e5f757365725f69647c733a313a2231223b6e616d657c733a31393a2253757065722041646d696e6973747261746f72223b),
('etefbd2c52b7pv7chi07cvbisqctqmd4', '::1', 1725629692, 0x5f5f63695f6c6173745f726567656e65726174657c693a313732353632393638363b6c6f67696e5f747970657c733a363a22706172656e74223b706172656e745f6c6f67696e7c733a313a2231223b706172656e745f69647c733a313a2234223b6c6f67696e5f757365725f69647c733a313a2234223b6e616d657c733a31303a224d722e20506172656e74223b666c6173685f6d6573736167657c733a31383a225375636365737366756c6c79204c6f67696e223b5f5f63695f766172737c613a313a7b733a31333a22666c6173685f6d657373616765223b733a333a226f6c64223b7d),
('ghn0n8vhm87pa9gq64d0fvjr4t7ddfo8', '127.0.0.1', 1638531506, 0x5f5f63695f6c6173745f726567656e65726174657c693a313633383533313530363b6c6f67696e5f747970657c733a353a2261646d696e223b61646d696e5f6c6f67696e7c733a313a2231223b61646d696e5f69647c733a313a2231223b6c6f67696e5f757365725f69647c733a313a2231223b6e616d657c733a31333a2241646d696e6973747261746f72223b),
('gpc1ishil4cnmg2f411cjpdvps28c006', '::1', 1725299709, 0x5f5f63695f6c6173745f726567656e65726174657c693a313732353239393536393b6c6f67696e5f747970657c733a353a2261646d696e223b61646d696e5f6c6f67696e7c733a313a2231223b61646d696e5f69647c733a313a2231223b6c6f67696e5f757365725f69647c733a313a2231223b6e616d657c733a31393a2253757065722041646d696e6973747261746f72223b666c6173685f6d6573736167657c733a32333a2244617461205361766564205375636365737366756c6c79223b5f5f63695f766172737c613a313a7b733a31333a22666c6173685f6d657373616765223b733a333a226f6c64223b7d),
('grvo8q7r424it0o06tdvkkqsm53si8b7', '::1', 1725259712, 0x5f5f63695f6c6173745f726567656e65726174657c693a313732353235393731323b6c6f67696e5f747970657c733a353a2261646d696e223b61646d696e5f6c6f67696e7c733a313a2231223b61646d696e5f69647c733a313a2231223b6c6f67696e5f757365725f69647c733a313a2231223b6e616d657c733a31393a2253757065722041646d696e6973747261746f72223b666c6173685f6d6573736167657c733a32353a2244617461205375636365737366756c6c792055706461746564223b5f5f63695f766172737c613a313a7b733a31333a22666c6173685f6d657373616765223b733a333a226f6c64223b7d),
('h3btj00gljcdc7s8ru7mrs9iodtkv3m4', '::1', 1725449072, 0x5f5f63695f6c6173745f726567656e65726174657c693a313732353434393037323b6572726f725f6d6573736167657c733a32333a2257726f6e6720456d61696c204f722050617373776f7264223b5f5f63695f766172737c613a323a7b733a31333a226572726f725f6d657373616765223b733a333a226f6c64223b733a31333a22666c6173685f6d657373616765223b733a333a226f6c64223b7d6c6f67696e5f747970657c733a373a2274656163686572223b746561636865725f6c6f67696e7c733a313a2231223b746561636865725f69647c733a313a2231223b6c6f67696e5f757365725f69647c733a313a2231223b6e616d657c733a31353a2254657374696e672054656163686572223b666c6173685f6d6573736167657c733a31383a225375636365737366756c6c79204c6f67696e223b),
('i1g0f3dvv3c9ifpeu8q6n08bkj2vvq8i', '127.0.0.1', 1638529350, 0x5f5f63695f6c6173745f726567656e65726174657c693a313633383532393335303b6c6f67696e5f747970657c733a373a2274656163686572223b746561636865725f6c6f67696e7c733a313a2231223b746561636865725f69647c733a313a2231223b6c6f67696e5f757365725f69647c733a313a2231223b6e616d657c733a31333a225564656d792054656163686572223b),
('i2c3bilpm34u9gbednuqnfuf0e0j1n3a', '::1', 1725446196, 0x5f5f63695f6c6173745f726567656e65726174657c693a313732353434363139363b6c6f67696e5f747970657c733a353a2261646d696e223b61646d696e5f6c6f67696e7c733a313a2231223b61646d696e5f69647c733a313a2231223b6c6f67696e5f757365725f69647c733a313a2231223b6e616d657c733a31393a2253757065722041646d696e6973747261746f72223b666c6173685f6d6573736167657c733a31383a225375636365737366756c6c79204c6f67696e223b5f5f63695f766172737c613a313a7b733a31333a22666c6173685f6d657373616765223b733a333a226f6c64223b7d),
('ibamrvl2f5lig0tasa5lq0r84nkt1lth', '127.0.0.1', 1638530120, 0x5f5f63695f6c6173745f726567656e65726174657c693a313633383533303132303b6c6f67696e5f747970657c733a353a2261646d696e223b61646d696e5f6c6f67696e7c733a313a2231223b61646d696e5f69647c733a313a2231223b6c6f67696e5f757365725f69647c733a313a2231223b6e616d657c733a31333a2241646d696e6973747261746f72223b),
('j9kpppsnu1un0ntirkd58i9gbvs4m93n', '::1', 1725448224, 0x5f5f63695f6c6173745f726567656e65726174657c693a313732353434383232343b6c6f67696e5f747970657c733a353a2261646d696e223b61646d696e5f6c6f67696e7c733a313a2231223b61646d696e5f69647c733a313a2231223b6c6f67696e5f757365725f69647c733a313a2231223b6e616d657c733a31393a2253757065722041646d696e6973747261746f72223b666c6173685f6d6573736167657c733a32353a22446174612055706461746564205375636365737366756c6c79223b5f5f63695f766172737c613a313a7b733a31333a22666c6173685f6d657373616765223b733a333a226f6c64223b7d),
('jifl1en5tutgvb6vev1pfmvirhrg7cfk', '127.0.0.1', 1638531180, 0x5f5f63695f6c6173745f726567656e65726174657c693a313633383533313138303b),
('ju021od5kb4a5cho7e7mml479umvsq34', '::1', 1725299569, 0x5f5f63695f6c6173745f726567656e65726174657c693a313732353239393536393b6c6f67696e5f747970657c733a353a2261646d696e223b61646d696e5f6c6f67696e7c733a313a2231223b61646d696e5f69647c733a313a2231223b6c6f67696e5f757365725f69647c733a313a2231223b6e616d657c733a31393a2253757065722041646d696e6973747261746f72223b666c6173685f6d6573736167657c733a32333a2244617461205361766564205375636365737366756c6c79223b5f5f63695f766172737c613a313a7b733a31333a22666c6173685f6d657373616765223b733a333a226f6c64223b7d),
('k0n2l6rrigkqq0fjth1to32qdn5sr9he', '::1', 1725022747, 0x5f5f63695f6c6173745f726567656e65726174657c693a313732353032323635363b6c6f67696e5f747970657c733a353a2261646d696e223b61646d696e5f6c6f67696e7c733a313a2231223b61646d696e5f69647c733a313a2231223b6c6f67696e5f757365725f69647c733a313a2231223b6e616d657c733a31393a2253757065722041646d696e6973747261746f72223b666c6173685f6d6573736167657c733a31383a225375636365737366756c6c79204c6f67696e223b5f5f63695f766172737c613a313a7b733a31333a22666c6173685f6d657373616765223b733a333a226f6c64223b7d),
('k3dlp9qdhajpc01dtg2aspjbiqo0f71j', '::1', 1725255236, 0x5f5f63695f6c6173745f726567656e65726174657c693a313732353235353233363b6c6f67696e5f747970657c733a373a2274656163686572223b746561636865725f6c6f67696e7c733a313a2231223b746561636865725f69647c733a313a2231223b6c6f67696e5f757365725f69647c733a313a2231223b6e616d657c733a31353a2254657374696e672054656163686572223b666c6173685f6d6573736167657c733a31383a225375636365737366756c6c79204c6f67696e223b5f5f63695f766172737c613a313a7b733a31333a22666c6173685f6d657373616765223b733a333a226f6c64223b7d),
('k85s6ifus52tjo6uqqfvrmfh71bk1jbk', '::1', 1725253081, 0x5f5f63695f6c6173745f726567656e65726174657c693a313732353235333038313b6c6f67696e5f747970657c733a353a2261646d696e223b61646d696e5f6c6f67696e7c733a313a2231223b61646d696e5f69647c733a313a2231223b6c6f67696e5f757365725f69647c733a313a2231223b6e616d657c733a31393a2253757065722041646d696e6973747261746f72223b666c6173685f6d6573736167657c733a31383a225375636365737366756c6c79204c6f67696e223b5f5f63695f766172737c613a313a7b733a31333a22666c6173685f6d657373616765223b733a333a226f6c64223b7d),
('kqb64199sdlkfad52kujfe9qtn845hd3', '127.0.0.1', 1638529796, 0x5f5f63695f6c6173745f726567656e65726174657c693a313633383532393739363b6c6f67696e5f747970657c733a373a2274656163686572223b746561636865725f6c6f67696e7c733a313a2231223b746561636865725f69647c733a313a2231223b6c6f67696e5f757365725f69647c733a313a2231223b6e616d657c733a31333a225564656d792054656163686572223b),
('kuk411v91gr7nmqo9bk9uv6de7rm19gg', '::1', 1725451072, 0x5f5f63695f6c6173745f726567656e65726174657c693a313732353435313034393b6572726f725f6d6573736167657c733a32333a2257726f6e6720456d61696c204f722050617373776f7264223b5f5f63695f766172737c613a323a7b733a31333a226572726f725f6d657373616765223b733a333a226f6c64223b733a31333a22666c6173685f6d657373616765223b733a333a226f6c64223b7d6c6f67696e5f747970657c733a363a22706172656e74223b706172656e745f6c6f67696e7c733a313a2231223b706172656e745f69647c733a313a2234223b6c6f67696e5f757365725f69647c733a313a2234223b6e616d657c733a31303a224d722e20506172656e74223b666c6173685f6d6573736167657c733a31363a2250617373776f7264204368616e676564223b),
('lvjc2lv5iv878sono761ok97jld2cute', '::1', 1736173663, 0x5f5f63695f6c6173745f726567656e65726174657c693a313733363137333636333b6c6f67696e5f747970657c733a353a2261646d696e223b61646d696e5f6c6f67696e7c733a313a2231223b61646d696e5f69647c733a313a2231223b6c6f67696e5f757365725f69647c733a313a2231223b6e616d657c733a31393a2253757065722041646d696e6973747261746f72223b),
('m1kq2n6s93cnmq38t7c6e11t46ljsrcs', '::1', 1725450335, 0x5f5f63695f6c6173745f726567656e65726174657c693a313732353435303333353b6572726f725f6d6573736167657c733a32333a2257726f6e6720456d61696c204f722050617373776f7264223b5f5f63695f766172737c613a323a7b733a31333a226572726f725f6d657373616765223b733a333a226f6c64223b733a31333a22666c6173685f6d657373616765223b733a333a226f6c64223b7d6c6f67696e5f747970657c733a373a2274656163686572223b746561636865725f6c6f67696e7c733a313a2231223b746561636865725f69647c733a313a2231223b6c6f67696e5f757365725f69647c733a313a2231223b6e616d657c733a31353a2254657374696e672054656163686572223b666c6173685f6d6573736167657c733a31383a225375636365737366756c6c79204c6f67696e223b),
('me4g3h6sim3el2stbfkjmnjugq12mgqe', '::1', 1725452437, 0x5f5f63695f6c6173745f726567656e65726174657c693a313732353435323433373b6c6f67696e5f747970657c733a363a22706172656e74223b706172656e745f6c6f67696e7c733a313a2231223b706172656e745f69647c733a313a2234223b6c6f67696e5f757365725f69647c733a313a2234223b6e616d657c733a31303a224d722e20506172656e74223b666c6173685f6d6573736167657c733a31383a225375636365737366756c6c79204c6f67696e223b5f5f63695f766172737c613a313a7b733a31333a22666c6173685f6d657373616765223b733a333a226f6c64223b7d),
('nbmc409bau4ggklftp16trhibijg7hme', '::1', 1725447911, 0x5f5f63695f6c6173745f726567656e65726174657c693a313732353434373931313b6c6f67696e5f747970657c733a353a2261646d696e223b61646d696e5f6c6f67696e7c733a313a2231223b61646d696e5f69647c733a313a2231223b6c6f67696e5f757365725f69647c733a313a2231223b6e616d657c733a31393a2253757065722041646d696e6973747261746f72223b666c6173685f6d6573736167657c733a32353a22446174612055706461746564205375636365737366756c6c79223b5f5f63695f766172737c613a313a7b733a31333a22666c6173685f6d657373616765223b733a333a226f6c64223b7d),
('oqr324966g17l418jg0500v4qj0raf5i', '::1', 1725445895, 0x5f5f63695f6c6173745f726567656e65726174657c693a313732353434353839353b),
('orire334gdg4g6ffpvucmr17ssdbkhcv', '::1', 1725451049, 0x5f5f63695f6c6173745f726567656e65726174657c693a313732353435313034393b6572726f725f6d6573736167657c733a32333a2257726f6e6720456d61696c204f722050617373776f7264223b5f5f63695f766172737c613a323a7b733a31333a226572726f725f6d657373616765223b733a333a226f6c64223b733a31333a22666c6173685f6d657373616765223b733a333a226f6c64223b7d6c6f67696e5f747970657c733a363a22706172656e74223b706172656e745f6c6f67696e7c733a313a2231223b706172656e745f69647c733a313a2234223b6c6f67696e5f757365725f69647c733a313a2234223b6e616d657c733a31303a224d722e20506172656e74223b666c6173685f6d6573736167657c733a31363a2250617373776f7264204368616e676564223b),
('pmiugprtst21ekkt6pgj0jrb4o00r2g3', '::1', 1725299254, 0x5f5f63695f6c6173745f726567656e65726174657c693a313732353239393235343b6c6f67696e5f747970657c733a353a2261646d696e223b61646d696e5f6c6f67696e7c733a313a2231223b61646d696e5f69647c733a313a2231223b6c6f67696e5f757365725f69647c733a313a2231223b6e616d657c733a31393a2253757065722041646d696e6973747261746f72223b666c6173685f6d6573736167657c733a31383a225375636365737366756c6c79204c6f67696e223b5f5f63695f766172737c613a313a7b733a31333a22666c6173685f6d657373616765223b733a333a226f6c64223b7d),
('ptdan7j84tgosv25lc30aemokdfscicj', '::1', 1724646227, 0x5f5f63695f6c6173745f726567656e65726174657c693a313732343634363232373b),
('r2q6vsjij6f6iikmk1hcq8q37p21cmu7', '127.0.0.1', 1638528711, 0x5f5f63695f6c6173745f726567656e65726174657c693a313633383532383731313b),
('r52948prtvhm8p0gtsujubsiv856fo07', '::1', 1724732564, 0x5f5f63695f6c6173745f726567656e65726174657c693a313732343733323536343b6572726f725f6d6573736167657c733a32333a2257726f6e6720456d61696c204f722050617373776f7264223b5f5f63695f766172737c613a313a7b733a31333a226572726f725f6d657373616765223b733a333a226f6c64223b7d),
('sp4uno3vbv7vs66epv5rmk6iul358vja', '::1', 1725259408, 0x5f5f63695f6c6173745f726567656e65726174657c693a313732353235393430383b),
('sp6sdutivgdvr00731ks62re889a5ili', '::1', 1736608640, 0x5f5f63695f6c6173745f726567656e65726174657c693a313733363630383634303b6c6f67696e5f747970657c733a353a2261646d696e223b61646d696e5f6c6f67696e7c733a313a2231223b61646d696e5f69647c733a313a2231223b6c6f67696e5f757365725f69647c733a313a2231223b6e616d657c733a31393a2253757065722041646d696e6973747261746f72223b),
('tru08sl7bhd9qiibi3ecjbtalta904fr', '::1', 1724732250, 0x5f5f63695f6c6173745f726567656e65726174657c693a313732343733323235303b6572726f725f6d6573736167657c733a32333a2257726f6e6720456d61696c204f722050617373776f7264223b5f5f63695f766172737c613a313a7b733a31333a226572726f725f6d657373616765223b733a333a226f6c64223b7d),
('vnb4rcegrq9tl2slbk336r93t11uo7qa', '127.0.0.1', 1638531814, 0x5f5f63695f6c6173745f726567656e65726174657c693a313633383533313831343b);

-- --------------------------------------------------------

--
-- Table structure for table `class`
--

CREATE TABLE `class` (
  `class_id` int(11) NOT NULL,
  `name` longtext CHARACTER SET utf8 COLLATE utf8_unicode_ci NOT NULL,
  `name_numeric` longtext CHARACTER SET utf8 COLLATE utf8_unicode_ci NOT NULL,
  `teacher_id` int(11) NOT NULL
) ENGINE=MyISAM DEFAULT CHARSET=latin1 COLLATE=latin1_swedish_ci;

--
-- Dumping data for table `class`
--

INSERT INTO `class` (`class_id`, `name`, `name_numeric`, `teacher_id`) VALUES
(2, 'Nursery One', 'Nursery 1', 1);

-- --------------------------------------------------------

--
-- Table structure for table `club`
--

CREATE TABLE `club` (
  `club_id` int(11) NOT NULL,
  `club_name` longtext CHARACTER SET utf8 COLLATE utf8_unicode_ci NOT NULL,
  `desc` longtext CHARACTER SET utf8 COLLATE utf8_unicode_ci NOT NULL,
  `date` longtext CHARACTER SET utf8 COLLATE utf8_unicode_ci NOT NULL
) ENGINE=MyISAM DEFAULT CHARSET=latin1 COLLATE=latin1_swedish_ci;

--
-- Dumping data for table `club`
--

INSERT INTO `club` (`club_id`, `club_name`, `desc`, `date`) VALUES
(1, 'Jet club', 'This is for those who love science.', '2019-08-25');

-- --------------------------------------------------------

--
-- Table structure for table `department`
--

CREATE TABLE `department` (
  `department_id` int(11) NOT NULL,
  `name` longtext CHARACTER SET utf8 COLLATE utf8_unicode_ci NOT NULL,
  `department_code` longtext CHARACTER SET utf8 COLLATE utf8_unicode_ci NOT NULL
) ENGINE=MyISAM DEFAULT CHARSET=latin1 COLLATE=latin1_swedish_ci;

--
-- Dumping data for table `department`
--

INSERT INTO `department` (`department_id`, `name`, `department_code`) VALUES
(2, 'Bursar', 'aed7c689d676c7c');

-- --------------------------------------------------------

--
-- Table structure for table `designation`
--

CREATE TABLE `designation` (
  `designation_id` int(11) NOT NULL,
  `name` longtext CHARACTER SET utf8 COLLATE utf8_unicode_ci NOT NULL,
  `department_id` int(11) NOT NULL
) ENGINE=MyISAM DEFAULT CHARSET=latin1 COLLATE=latin1_swedish_ci;

--
-- Dumping data for table `designation`
--

INSERT INTO `designation` (`designation_id`, `name`, `department_id`) VALUES
(5, 'Tutorial', 2),
(4, 'Udemy', 2),
(6, 'Student', 2);

-- --------------------------------------------------------

--
-- Table structure for table `dormitory`
--

CREATE TABLE `dormitory` (
  `dormitory_id` int(11) NOT NULL,
  `name` longtext CHARACTER SET utf8 COLLATE utf8_unicode_ci NOT NULL,
  `hostel_room_id` int(11) NOT NULL,
  `hostel_category_id` int(11) NOT NULL,
  `capacity` longtext CHARACTER SET utf8 COLLATE utf8_unicode_ci NOT NULL,
  `address` longtext CHARACTER SET utf8 COLLATE utf8_unicode_ci NOT NULL,
  `description` longtext CHARACTER SET utf8 COLLATE utf8_unicode_ci NOT NULL
) ENGINE=MyISAM DEFAULT CHARSET=latin1 COLLATE=latin1_swedish_ci;

--
-- Dumping data for table `dormitory`
--

INSERT INTO `dormitory` (`dormitory_id`, `name`, `hostel_room_id`, `hostel_category_id`, `capacity`, `address`, `description`) VALUES
(2, 'Wiz Hostel', 2, 3, '200', 'Address for hostel location', 'Address for hostel location');

-- --------------------------------------------------------

--
-- Table structure for table `enquiry`
--

CREATE TABLE `enquiry` (
  `enquiry_id` int(11) NOT NULL,
  `category` longtext CHARACTER SET utf8 COLLATE utf8_unicode_ci NOT NULL,
  `mobile` longtext CHARACTER SET utf8 COLLATE utf8_unicode_ci NOT NULL,
  `purpose` longtext CHARACTER SET utf8 COLLATE utf8_unicode_ci NOT NULL,
  `name` longtext CHARACTER SET utf8 COLLATE utf8_unicode_ci NOT NULL,
  `whom_to_meet` longtext CHARACTER SET utf8 COLLATE utf8_unicode_ci NOT NULL,
  `email` longtext CHARACTER SET utf8 COLLATE utf8_unicode_ci NOT NULL,
  `content` longtext CHARACTER SET utf8 COLLATE utf8_unicode_ci NOT NULL,
  `date` timestamp NOT NULL DEFAULT current_timestamp() ON UPDATE current_timestamp()
) ENGINE=MyISAM DEFAULT CHARSET=latin1 COLLATE=latin1_swedish_ci;

-- --------------------------------------------------------

--
-- Table structure for table `enquiry_category`
--

CREATE TABLE `enquiry_category` (
  `enquiry_category_id` int(11) NOT NULL,
  `category` longtext CHARACTER SET utf8 COLLATE utf8_unicode_ci NOT NULL,
  `purpose` longtext CHARACTER SET utf8 COLLATE utf8_unicode_ci NOT NULL,
  `whom` longtext CHARACTER SET utf8 COLLATE utf8_unicode_ci NOT NULL
) ENGINE=MyISAM DEFAULT CHARSET=latin1 COLLATE=latin1_swedish_ci;

--
-- Dumping data for table `enquiry_category`
--

INSERT INTO `enquiry_category` (`enquiry_category_id`, `category`, `purpose`, `whom`) VALUES
(3, 'This is for ID 3 information.', 'Payment', 'Tutorial'),
(4, 'This is Udemy Information', 'School fees information', 'Just edited now');

-- --------------------------------------------------------

--
-- Table structure for table `exam`
--

CREATE TABLE `exam` (
  `exam_id` int(11) NOT NULL,
  `name` longtext CHARACTER SET utf8 COLLATE utf8_unicode_ci NOT NULL,
  `comment` longtext CHARACTER SET utf8 COLLATE utf8_unicode_ci NOT NULL,
  `timestamp` longtext CHARACTER SET utf8 COLLATE utf8_unicode_ci NOT NULL
) ENGINE=MyISAM DEFAULT CHARSET=latin1 COLLATE=latin1_swedish_ci;

--
-- Dumping data for table `exam`
--

INSERT INTO `exam` (`exam_id`, `name`, `comment`, `timestamp`) VALUES
(1, 'First Term Examination', 'First Term', '2019-10-30');

-- --------------------------------------------------------

--
-- Table structure for table `exam_question`
--

CREATE TABLE `exam_question` (
  `exam_question_id` int(11) NOT NULL,
  `name` longtext CHARACTER SET utf8 COLLATE utf8_unicode_ci NOT NULL,
  `teacher_id` longtext CHARACTER SET utf8 COLLATE utf8_unicode_ci NOT NULL,
  `subject_id` longtext CHARACTER SET utf8 COLLATE utf8_unicode_ci NOT NULL,
  `description` longtext CHARACTER SET utf8 COLLATE utf8_unicode_ci NOT NULL,
  `class_id` longtext CHARACTER SET utf8 COLLATE utf8_unicode_ci NOT NULL,
  `file_name` longtext CHARACTER SET utf8 COLLATE utf8_unicode_ci NOT NULL,
  `file_type` longtext CHARACTER SET utf8 COLLATE utf8_unicode_ci NOT NULL,
  `timestamp` longtext CHARACTER SET utf8 COLLATE utf8_unicode_ci NOT NULL,
  `status` longtext CHARACTER SET utf8 COLLATE utf8_unicode_ci NOT NULL
) ENGINE=MyISAM DEFAULT CHARSET=latin1 COLLATE=latin1_swedish_ci;

-- --------------------------------------------------------

--
-- Table structure for table `expense_category`
--

CREATE TABLE `expense_category` (
  `expense_category_id` int(11) NOT NULL,
  `name` longtext CHARACTER SET utf8 COLLATE utf8_unicode_ci NOT NULL
) ENGINE=MyISAM DEFAULT CHARSET=latin1 COLLATE=latin1_swedish_ci;

--
-- Dumping data for table `expense_category`
--

INSERT INTO `expense_category` (`expense_category_id`, `name`) VALUES
(5, 'Reading Books.');

-- --------------------------------------------------------

--
-- Table structure for table `hostel_category`
--

CREATE TABLE `hostel_category` (
  `hostel_category_id` int(11) NOT NULL,
  `name` longtext CHARACTER SET utf8 COLLATE utf8_unicode_ci NOT NULL,
  `description` longtext CHARACTER SET utf8 COLLATE utf8_unicode_ci NOT NULL
) ENGINE=MyISAM DEFAULT CHARSET=latin1 COLLATE=latin1_swedish_ci;

--
-- Dumping data for table `hostel_category`
--

INSERT INTO `hostel_category` (`hostel_category_id`, `name`, `description`) VALUES
(2, 'Female', 'This is for female only.'),
(3, 'Male', 'This is for male only. Female are not allowed.');

-- --------------------------------------------------------

--
-- Table structure for table `hostel_room`
--

CREATE TABLE `hostel_room` (
  `hostel_room_id` int(11) NOT NULL,
  `name` longtext CHARACTER SET utf8 COLLATE utf8_unicode_ci NOT NULL,
  `room_type` longtext CHARACTER SET utf8 COLLATE utf8_unicode_ci NOT NULL,
  `num_bed` longtext CHARACTER SET utf8 COLLATE utf8_unicode_ci NOT NULL,
  `cost_bed` longtext CHARACTER SET utf8 COLLATE utf8_unicode_ci NOT NULL,
  `description` longtext CHARACTER SET utf8 COLLATE utf8_unicode_ci NOT NULL
) ENGINE=MyISAM DEFAULT CHARSET=latin1 COLLATE=latin1_swedish_ci;

--
-- Dumping data for table `hostel_room`
--

INSERT INTO `hostel_room` (`hostel_room_id`, `name`, `room_type`, `num_bed`, `cost_bed`, `description`) VALUES
(2, 'Room One', 'Single', '2', '5000', 'This is for the big guys among us.');

-- --------------------------------------------------------

--
-- Table structure for table `house`
--

CREATE TABLE `house` (
  `house_id` int(11) NOT NULL,
  `name` longtext CHARACTER SET utf8 COLLATE utf8_unicode_ci NOT NULL,
  `description` longtext CHARACTER SET utf8 COLLATE utf8_unicode_ci NOT NULL
) ENGINE=MyISAM DEFAULT CHARSET=latin1 COLLATE=latin1_swedish_ci;

--
-- Dumping data for table `house`
--

INSERT INTO `house` (`house_id`, `name`, `description`) VALUES
(1, 'Purple House', 'This is for students in purple house');

-- --------------------------------------------------------

--
-- Table structure for table `invoice`
--

CREATE TABLE `invoice` (
  `invoice_id` int(11) NOT NULL,
  `invoice_number` longtext CHARACTER SET utf8 COLLATE utf8_unicode_ci NOT NULL,
  `student_id` int(11) NOT NULL,
  `title` longtext CHARACTER SET utf8 COLLATE utf8_unicode_ci NOT NULL,
  `description` longtext CHARACTER SET utf8 COLLATE utf8_unicode_ci NOT NULL,
  `amount` int(11) NOT NULL,
  `discount` int(11) NOT NULL,
  `amount_paid` int(11) NOT NULL,
  `due` int(11) NOT NULL,
  `creation_timestamp` longtext CHARACTER SET utf8 COLLATE utf8_unicode_ci NOT NULL,
  `payment_method` longtext CHARACTER SET utf8 COLLATE utf8_unicode_ci NOT NULL,
  `status` int(11) NOT NULL,
  `year` longtext CHARACTER SET utf8 COLLATE utf8_unicode_ci NOT NULL
) ENGINE=MyISAM DEFAULT CHARSET=latin1 COLLATE=latin1_swedish_ci;

--
-- Dumping data for table `invoice`
--

INSERT INTO `invoice` (`invoice_id`, `invoice_number`, `student_id`, `title`, `description`, `amount`, `discount`, `amount_paid`, `due`, `creation_timestamp`, `payment_method`, `status`, `year`) VALUES
(2, '742593INV2019', 45, 'Another Part payment for eLibrary', 'Another Part payment for eLibrary.', 7000, 0, 6200, 800, '2019-11-12', '1', 2, '2019-2020');

-- --------------------------------------------------------

--
-- Table structure for table `language`
--

CREATE TABLE `language` (
  `phrase_id` int(11) NOT NULL,
  `phrase` longtext NOT NULL,
  `english` longtext DEFAULT NULL,
  `arabic` longtext DEFAULT NULL,
  `french` longtext DEFAULT NULL,
  `korea` longtext DEFAULT NULL
) ENGINE=MyISAM DEFAULT CHARSET=utf8 COLLATE=utf8_unicode_ci;

--
-- Dumping data for table `language`
--

INSERT INTO `language` (`phrase_id`, `phrase`, `english`, `arabic`, `french`, `korea`) VALUES
(1, 'Manage Language', 'Manage Language', 'إدارة اللغة', NULL, NULL),
(2, 'active language', 'Active Language', 'اللغة النشطة', NULL, NULL),
(40557, 'add', NULL, NULL, NULL, NULL);

-- --------------------------------------------------------

--
-- Table structure for table `language_list`
--

CREATE TABLE `language_list` (
  `language_list_id` int(11) NOT NULL,
  `name` varchar(500) CHARACTER SET utf8 COLLATE utf8_unicode_ci DEFAULT NULL,
  `db_field` varchar(300) DEFAULT NULL,
  `status` varchar(20) DEFAULT NULL
) ENGINE=InnoDB DEFAULT CHARSET=latin1 COLLATE=latin1_swedish_ci;

-- --------------------------------------------------------

--
-- Table structure for table `leave`
--

CREATE TABLE `leave` (
  `leave_id` int(11) NOT NULL,
  `leave_code` longtext CHARACTER SET utf8 COLLATE utf8_unicode_ci NOT NULL,
  `teacher_id` longtext CHARACTER SET utf8 COLLATE utf8_unicode_ci NOT NULL,
  `start_date` longtext CHARACTER SET utf8 COLLATE utf8_unicode_ci NOT NULL,
  `end_date` longtext CHARACTER SET utf8 COLLATE utf8_unicode_ci NOT NULL,
  `reason` longtext CHARACTER SET utf8 COLLATE utf8_unicode_ci NOT NULL,
  `status` longtext CHARACTER SET utf8 COLLATE utf8_unicode_ci NOT NULL
) ENGINE=MyISAM DEFAULT CHARSET=latin1 COLLATE=latin1_swedish_ci;

-- --------------------------------------------------------

--
-- Table structure for table `mark`
--

CREATE TABLE `mark` (
  `mark_id` int(11) NOT NULL,
  `student_id` int(11) NOT NULL,
  `subject_id` int(11) NOT NULL,
  `exam_id` int(11) NOT NULL,
  `class_id` int(11) NOT NULL,
  `class_score1` int(11) NOT NULL,
  `class_score2` int(11) NOT NULL,
  `class_score3` int(11) NOT NULL,
  `exam_score` int(11) NOT NULL,
  `comment` longtext NOT NULL
) ENGINE=MyISAM DEFAULT CHARSET=latin1 COLLATE=latin1_swedish_ci;

--
-- Dumping data for table `mark`
--

INSERT INTO `mark` (`mark_id`, `student_id`, `subject_id`, `exam_id`, `class_id`, `class_score1`, `class_score2`, `class_score3`, `exam_score`, `comment`) VALUES
(1, 45, 5, 1, 2, 10, 9, 8, 70, 'Good performance.'),
(2, 45, 4, 1, 2, 10, 7, 9, 69, 'Excellent performance.'),
(3, 45, 6, 1, 2, 0, 0, 0, 0, ''),
(4, 46, 4, 1, 2, 0, 0, 0, 0, ''),
(5, 45, 0, 1, 2, 0, 0, 0, 0, ''),
(6, 46, 0, 1, 2, 0, 0, 0, 0, '');

-- --------------------------------------------------------

--
-- Table structure for table `material`
--

CREATE TABLE `material` (
  `material_id` int(11) NOT NULL,
  `name` longtext CHARACTER SET utf8 COLLATE utf8_unicode_ci NOT NULL,
  `class_id` int(11) NOT NULL,
  `subject_id` int(11) NOT NULL,
  `teacher_id` int(11) NOT NULL,
  `description` longtext CHARACTER SET utf8 COLLATE utf8_unicode_ci NOT NULL,
  `file_name` longtext CHARACTER SET utf8 COLLATE utf8_unicode_ci NOT NULL,
  `file_type` longtext CHARACTER SET utf8 COLLATE utf8_unicode_ci NOT NULL,
  `timestamp` longtext CHARACTER SET utf8 COLLATE utf8_unicode_ci NOT NULL
) ENGINE=MyISAM DEFAULT CHARSET=latin1 COLLATE=latin1_swedish_ci;

--
-- Dumping data for table `material`
--

INSERT INTO `material` (`material_id`, `name`, `class_id`, `subject_id`, `teacher_id`, `description`, `file_name`, `file_type`, `timestamp`) VALUES
(1, 'Study material for Nursery One', 2, 5, 1, 'This is for class only.', 'profile.png', 'docx', '2018-08-19');

-- --------------------------------------------------------

--
-- Table structure for table `noticeboard`
--

CREATE TABLE `noticeboard` (
  `noticeboard_id` int(11) NOT NULL,
  `title` longtext CHARACTER SET utf8 COLLATE utf8_unicode_ci NOT NULL,
  `location` longtext CHARACTER SET utf8 COLLATE utf8_unicode_ci NOT NULL,
  `timestamp` int(11) NOT NULL,
  `description` longtext CHARACTER SET utf8 COLLATE utf8_unicode_ci NOT NULL
) ENGINE=MyISAM DEFAULT CHARSET=latin1 COLLATE=latin1_swedish_ci;

--
-- Dumping data for table `noticeboard`
--

INSERT INTO `noticeboard` (`noticeboard_id`, `title`, `location`, `timestamp`, `description`) VALUES
(3, 'Second meeting coming up soon', 'Udemy Forum', 1575136800, 'The meeting is coming up soon. Ensure you are fully prepared.'),
(4, 'Parent Teacher Association Meeting.', 'Ontario Location', 1575050400, 'This is the new updated information as regards the meeting.');

-- --------------------------------------------------------

--
-- Table structure for table `parent`
--

CREATE TABLE `parent` (
  `parent_id` int(11) NOT NULL,
  `name` longtext CHARACTER SET utf8 COLLATE utf8_unicode_ci NOT NULL,
  `email` longtext CHARACTER SET utf8 COLLATE utf8_unicode_ci NOT NULL,
  `password` longtext CHARACTER SET utf8 COLLATE utf8_unicode_ci NOT NULL,
  `phone` longtext CHARACTER SET utf8 COLLATE utf8_unicode_ci NOT NULL,
  `address` longtext CHARACTER SET utf8 COLLATE utf8_unicode_ci NOT NULL,
  `profession` longtext CHARACTER SET utf8 COLLATE utf8_unicode_ci NOT NULL,
  `login_status` longtext CHARACTER SET utf8 COLLATE utf8_unicode_ci NOT NULL
) ENGINE=MyISAM DEFAULT CHARSET=latin1 COLLATE=latin1_swedish_ci;

--
-- Dumping data for table `parent`
--

INSERT INTO `parent` (`parent_id`, `name`, `email`, `password`, `phone`, `address`, `profession`, `login_status`) VALUES
(4, 'Mr. Parent', 'parent@parent.com', 'd8fd39d0bbdd2dcf322d8b11390a4c5825b11495', '639533180925', 'Udemy Address', 'Learners', '1');

-- --------------------------------------------------------

--
-- Table structure for table `payment`
--

CREATE TABLE `payment` (
  `payment_id` int(11) NOT NULL,
  `expense_category_id` longtext CHARACTER SET utf8 COLLATE utf8_unicode_ci NOT NULL,
  `title` longtext CHARACTER SET utf8 COLLATE utf8_unicode_ci NOT NULL,
  `payment_type` longtext CHARACTER SET utf8 COLLATE utf8_unicode_ci NOT NULL,
  `invoice_id` longtext CHARACTER SET utf8 COLLATE utf8_unicode_ci NOT NULL,
  `student_id` longtext CHARACTER SET utf8 COLLATE utf8_unicode_ci NOT NULL,
  `method` longtext CHARACTER SET utf8 COLLATE utf8_unicode_ci NOT NULL,
  `description` longtext CHARACTER SET utf8 COLLATE utf8_unicode_ci NOT NULL,
  `amount` longtext CHARACTER SET utf8 COLLATE utf8_unicode_ci NOT NULL,
  `discount` longtext CHARACTER SET utf8 COLLATE utf8_unicode_ci NOT NULL,
  `timestamp` int(11) NOT NULL,
  `year` longtext CHARACTER SET utf8 COLLATE utf8_unicode_ci NOT NULL
) ENGINE=MyISAM DEFAULT CHARSET=latin1 COLLATE=latin1_swedish_ci;

--
-- Dumping data for table `payment`
--

INSERT INTO `payment` (`payment_id`, `expense_category_id`, `title`, `payment_type`, `invoice_id`, `student_id`, `method`, `description`, `amount`, `discount`, `timestamp`, `year`) VALUES
(2, '5', 'Purchase of school reading', 'expense', '', '', '2', 'This was purchase by the school administrator for the purpose of having reading books in the school.<br>', '5000', '', 556644564, '2019-2020'),
(5, '5', 'Purchase of school chalks', 'expense', '', '', '1', 'Purchase of school chalks<br>', '3000', '', 556644564, '2019-2020'),
(6, '', 'Part payment for eLibrary', '', '2', '45', '1', 'income', '5000', '0', 556644564, ''),
(7, '', 'Another payment for eLibrary', 'income', '3', '45', '1', 'Another payment for eLibrary', '2000', '0', 445667865, ''),
(8, '', 'Part payment for eLibrary', 'income', '2', '45', '1', 'Part payment for eLibrary', '1200', '', 556644564, ''),
(9, '5', 'New chalk purchased', 'expense', '', '', '3', 'New chalk purchased<br>', '1000', '', 556644564, '2019-2020'),
(10, '', 'Another Part payment for eLibrary.', 'income', '2', '45', '1', 'Another Part payment for eLibrary.', '5000', '', 1576951200, '2019-2020');

-- --------------------------------------------------------

--
-- Table structure for table `section`
--

CREATE TABLE `section` (
  `section_id` int(11) NOT NULL,
  `name` longtext CHARACTER SET utf8 COLLATE utf8_unicode_ci NOT NULL,
  `nick_name` longtext CHARACTER SET utf8 COLLATE utf8_unicode_ci NOT NULL,
  `class_id` int(11) NOT NULL,
  `teacher_id` int(11) NOT NULL
) ENGINE=MyISAM DEFAULT CHARSET=latin1 COLLATE=latin1_swedish_ci;

--
-- Dumping data for table `section`
--

INSERT INTO `section` (`section_id`, `name`, `nick_name`, `class_id`, `teacher_id`) VALUES
(3, 'First Term', 'Term 1', 2, 1),
(4, 'Second Term', '2nd', 2, 1);

-- --------------------------------------------------------

--
-- Table structure for table `settings`
--

CREATE TABLE `settings` (
  `settings_id` int(11) NOT NULL,
  `type` longtext CHARACTER SET utf8 COLLATE utf8_unicode_ci NOT NULL,
  `description` longtext CHARACTER SET utf8 COLLATE utf8_unicode_ci NOT NULL
) ENGINE=MyISAM DEFAULT CHARSET=latin1 COLLATE=latin1_swedish_ci;

--
-- Dumping data for table `settings`
--

INSERT INTO `settings` (`settings_id`, `type`, `description`) VALUES
(1, 'system_name', 'FACE RECOGNITION ATTENDANCE SYSTEM'),
(2, 'system_title', 'FRAS WEB PHP'),
(3, 'address', ''),
(4, 'phone', ''),
(6, 'currency', '₱'),
(7, 'system_email', 'payment@optimumlinkup.com'),
(11, 'language', 'english'),
(12, 'text_align', 'left-to-right'),
(16, 'skin_colour', 'gray'),
(21, 'session', '2019-2020'),
(22, 'footer', ' Copyright St Bridget Center of Tacloban'),
(116, 'paypal_email', ''),
(119, 'stripe_setting', '[{\"stripe_active\":\"1\",\"testmode\":\"off\",\"secret_key\":\"test secret key\",\"public_key\":\"test public key\",\"secret_live_key\":\"live secret key\",\"public_live_key\":\"live public key\"}]'),
(122, 'paypal_setting', '[{\"paypal_active\":\"1\",\"paypal_mode\":\"sandbox\",\"sandbox_client_id\":\"client id sandbox\",\"production_client_id\":\"client - production\"}]');

-- --------------------------------------------------------

--
-- Table structure for table `sms_settings`
--

CREATE TABLE `sms_settings` (
  `sms_setting_id` int(11) NOT NULL,
  `type` longtext CHARACTER SET utf8 COLLATE utf8_unicode_ci NOT NULL,
  `info` longtext CHARACTER SET utf8 COLLATE utf8_unicode_ci NOT NULL
) ENGINE=MyISAM DEFAULT CHARSET=latin1 COLLATE=latin1_swedish_ci;

--
-- Dumping data for table `sms_settings`
--

INSERT INTO `sms_settings` (`sms_setting_id`, `type`, `info`) VALUES
(12, 'msg91_sender_id', 'sender id'),
(11, 'msg91_authentication_key', 'msg91 auth key'),
(10, 'clickatell_apikey', 'clickattel api'),
(9, 'clickatell_password', 'clickattel paasword'),
(8, 'clickatell_username', 'clickattel username'),
(13, 'msg91_route', 'route'),
(14, 'msg91_country_code', 'country code'),
(15, 'active_sms_gateway', 'msg91');

-- --------------------------------------------------------

--
-- Table structure for table `social_category`
--

CREATE TABLE `social_category` (
  `social_category_id` int(11) NOT NULL,
  `name` longtext CHARACTER SET utf8 COLLATE utf8_unicode_ci NOT NULL,
  `colour` longtext CHARACTER SET utf8 COLLATE utf8_unicode_ci NOT NULL,
  `icon` longtext CHARACTER SET utf8 COLLATE utf8_unicode_ci NOT NULL,
  `description` longtext CHARACTER SET utf8 COLLATE utf8_unicode_ci NOT NULL
) ENGINE=MyISAM DEFAULT CHARSET=latin1 COLLATE=latin1_swedish_ci;

--
-- Dumping data for table `social_category`
--

INSERT INTO `social_category` (`social_category_id`, `name`, `colour`, `icon`, `description`) VALUES
(2, 'Romance', 'danger', 'fa-male', 'This is for romance chat room'),
(3, 'Event', 'primary', 'fa-book', 'This is for event chat room');

-- --------------------------------------------------------

--
-- Table structure for table `student`
--

CREATE TABLE `student` (
  `student_id` int(11) NOT NULL,
  `name` longtext DEFAULT NULL,
  `birthday` longtext DEFAULT NULL,
  `age` longtext DEFAULT NULL,
  `place_birth` longtext DEFAULT NULL,
  `sex` longtext DEFAULT NULL,
  `m_tongue` longtext DEFAULT NULL,
  `religion` longtext DEFAULT NULL,
  `blood_group` longtext DEFAULT NULL,
  `address` longtext DEFAULT NULL,
  `city` longtext DEFAULT NULL,
  `state` longtext DEFAULT NULL,
  `nationality` longtext DEFAULT NULL,
  `phone` longtext DEFAULT NULL,
  `email` longtext DEFAULT NULL,
  `ps_attended` longtext DEFAULT NULL,
  `ps_address` longtext DEFAULT NULL,
  `ps_purpose` longtext DEFAULT NULL,
  `class_study` longtext DEFAULT NULL,
  `date_of_leaving` longtext DEFAULT NULL,
  `am_date` longtext DEFAULT NULL,
  `tran_cert` longtext DEFAULT NULL,
  `dob_cert` longtext DEFAULT NULL,
  `mark_join` longtext DEFAULT NULL,
  `physical_h` longtext DEFAULT NULL,
  `password` longtext DEFAULT NULL,
  `father_name` longtext DEFAULT NULL,
  `mother_name` longtext DEFAULT NULL,
  `class_id` longtext DEFAULT NULL,
  `section_id` int(11) DEFAULT NULL,
  `parent_id` int(11) DEFAULT NULL,
  `roll` longtext DEFAULT NULL,
  `transport_id` int(11) DEFAULT NULL,
  `dormitory_id` int(11) DEFAULT NULL,
  `house_id` int(11) DEFAULT NULL,
  `student_category_id` int(11) DEFAULT NULL,
  `club_id` int(11) DEFAULT NULL,
  `session` longtext DEFAULT NULL,
  `card_number` longtext DEFAULT NULL,
  `issue_date` longtext DEFAULT NULL,
  `expire_date` longtext DEFAULT NULL,
  `dormitory_room_number` longtext DEFAULT NULL,
  `more_entries` longtext DEFAULT NULL,
  `login_status` longtext DEFAULT NULL
) ENGINE=InnoDB DEFAULT CHARSET=utf8 COLLATE=utf8_unicode_ci;

--
-- Dumping data for table `student`
--

INSERT INTO `student` (`student_id`, `name`, `birthday`, `age`, `place_birth`, `sex`, `m_tongue`, `religion`, `blood_group`, `address`, `city`, `state`, `nationality`, `phone`, `email`, `ps_attended`, `ps_address`, `ps_purpose`, `class_study`, `date_of_leaving`, `am_date`, `tran_cert`, `dob_cert`, `mark_join`, `physical_h`, `password`, `father_name`, `mother_name`, `class_id`, `section_id`, `parent_id`, `roll`, `transport_id`, `dormitory_id`, `house_id`, `student_category_id`, `club_id`, `session`, `card_number`, `issue_date`, `expire_date`, `dormitory_room_number`, `more_entries`, `login_status`) VALUES
(45, 'Elon', '09/30/2003', '16', 'Lagos', 'female', 'Mother Tongue', 'Muslim', 'B+', 'Address', 'City', 'Lagos', 'Canadian', '+912345667', 'student@student.com', 'Previous school attended', 'Previous school address', 'Purpose Of Leaving', 'Class In Which Was Studying', '2011-08-10', '2011-08-19', 'Yes', 'Yes', 'Yes', 'No', '204036a1ef6e7360e536300ea78c6aeb4a9333dd', '', '', '2', 0, 4, '5bf8161', 0, 2, 1, 2, 1, '2019-2020', '', '', '', '', '', '0'),
(46, 'Seans', '08/30/2024', '0', 'Test', '', 't', 't', 't', 't', 'c', NULL, NULL, NULL, NULL, NULL, NULL, NULL, NULL, NULL, NULL, NULL, NULL, NULL, NULL, 'da39a3ee5e6b4b0d3255bfef95601890afd80709', NULL, NULL, '2', 0, 4, '91c31fb', NULL, NULL, 1, NULL, 1, '2019-2020', NULL, NULL, NULL, NULL, NULL, NULL);

-- --------------------------------------------------------

--
-- Table structure for table `student_category`
--

CREATE TABLE `student_category` (
  `student_category_id` int(11) NOT NULL,
  `name` longtext CHARACTER SET utf8 COLLATE utf8_unicode_ci NOT NULL,
  `description` longtext CHARACTER SET utf8 COLLATE utf8_unicode_ci NOT NULL
) ENGINE=MyISAM DEFAULT CHARSET=latin1 COLLATE=latin1_swedish_ci;

--
-- Dumping data for table `student_category`
--

INSERT INTO `student_category` (`student_category_id`, `name`, `description`) VALUES
(2, 'Boarding Student', 'This is for the boarding student.');

-- --------------------------------------------------------

--
-- Table structure for table `subject`
--

CREATE TABLE `subject` (
  `subject_id` int(11) NOT NULL,
  `name` longtext CHARACTER SET utf8 COLLATE utf8_unicode_ci NOT NULL,
  `class_id` int(11) NOT NULL,
  `teacher_id` int(11) NOT NULL
) ENGINE=MyISAM DEFAULT CHARSET=latin1 COLLATE=latin1_swedish_ci;

--
-- Dumping data for table `subject`
--

INSERT INTO `subject` (`subject_id`, `name`, `class_id`, `teacher_id`) VALUES
(5, 'Economics', 2, 1),
(4, 'Mathematics', 2, 1),
(6, 'English', 2, 1);

-- --------------------------------------------------------

--
-- Table structure for table `teacher`
--

CREATE TABLE `teacher` (
  `teacher_id` int(11) NOT NULL,
  `name` longtext NOT NULL,
  `role` longtext NOT NULL,
  `teacher_number` longtext NOT NULL,
  `birthday` longtext NOT NULL,
  `sex` longtext NOT NULL,
  `religion` longtext NOT NULL,
  `blood_group` longtext NOT NULL,
  `address` longtext NOT NULL,
  `phone` longtext NOT NULL,
  `email` longtext NOT NULL,
  `facebook` longtext NOT NULL,
  `twitter` longtext NOT NULL,
  `googleplus` longtext NOT NULL,
  `linkedin` longtext NOT NULL,
  `qualification` longtext NOT NULL,
  `marital_status` longtext NOT NULL,
  `file_name` longtext NOT NULL,
  `password` longtext NOT NULL,
  `department_id` int(11) NOT NULL,
  `designation_id` int(11) NOT NULL,
  `date_of_joining` longtext NOT NULL,
  `joining_salary` longtext NOT NULL,
  `status` int(11) NOT NULL,
  `date_of_leaving` longtext NOT NULL,
  `bank_id` int(11) NOT NULL,
  `login_status` longtext NOT NULL
) ENGINE=InnoDB DEFAULT CHARSET=utf8 COLLATE=utf8_unicode_ci;

--
-- Dumping data for table `teacher`
--

INSERT INTO `teacher` (`teacher_id`, `name`, `role`, `teacher_number`, `birthday`, `sex`, `religion`, `blood_group`, `address`, `phone`, `email`, `facebook`, `twitter`, `googleplus`, `linkedin`, `qualification`, `marital_status`, `file_name`, `password`, `department_id`, `designation_id`, `date_of_joining`, `joining_salary`, `status`, `date_of_leaving`, `bank_id`, `login_status`) VALUES
(1, 'Testing Teacher', '1', 'f82e5cc', '2018-08-19', 'male', 'Christianity', 'B+', '546787, Kertz shopping complext, Silicon Valley, United State of America, New York city.', '+912345667', 'teacher@teacher.com', 'facebook', 'twitter', 'googleplus', 'linkedin', 'PhD', 'Married', 'profile.png', '4a82cb6db537ef6c5b53d144854e146de79502e8', 2, 4, '2019-09-15', '5000', 1, '2019-09-18', 3, '0');

-- --------------------------------------------------------

--
-- Table structure for table `transport`
--

CREATE TABLE `transport` (
  `transport_id` int(11) NOT NULL,
  `name` longtext CHARACTER SET utf8 COLLATE utf8_unicode_ci NOT NULL,
  `transport_route_id` int(11) NOT NULL,
  `vehicle_id` int(11) NOT NULL,
  `route_fare` longtext CHARACTER SET utf8 COLLATE utf8_unicode_ci NOT NULL,
  `description` longtext CHARACTER SET utf8 COLLATE utf8_unicode_ci NOT NULL
) ENGINE=MyISAM DEFAULT CHARSET=latin1 COLLATE=latin1_swedish_ci;

-- --------------------------------------------------------

--
-- Table structure for table `transport_route`
--

CREATE TABLE `transport_route` (
  `transport_route_id` int(11) NOT NULL,
  `name` longtext CHARACTER SET utf8 COLLATE utf8_unicode_ci NOT NULL,
  `description` longtext CHARACTER SET utf8 COLLATE utf8_unicode_ci NOT NULL
) ENGINE=MyISAM DEFAULT CHARSET=latin1 COLLATE=latin1_swedish_ci;

--
-- Dumping data for table `transport_route`
--

INSERT INTO `transport_route` (`transport_route_id`, `name`, `description`) VALUES
(2, 'Toronto to Usa', 'This is vehicle is going from Canada to Usa'),
(3, 'Lagos to Canada', 'This is going to Canada');

-- --------------------------------------------------------

--
-- Table structure for table `vehicle`
--

CREATE TABLE `vehicle` (
  `vehicle_id` int(11) NOT NULL,
  `name` longtext CHARACTER SET utf8 COLLATE utf8_unicode_ci NOT NULL,
  `vehicle_number` longtext CHARACTER SET utf8 COLLATE utf8_unicode_ci NOT NULL,
  `vehicle_model` longtext CHARACTER SET utf8 COLLATE utf8_unicode_ci NOT NULL,
  `vehicle_quantity` longtext CHARACTER SET utf8 COLLATE utf8_unicode_ci NOT NULL,
  `year_made` longtext CHARACTER SET utf8 COLLATE utf8_unicode_ci NOT NULL,
  `driver_name` longtext CHARACTER SET utf8 COLLATE utf8_unicode_ci NOT NULL,
  `driver_license` longtext CHARACTER SET utf8 COLLATE utf8_unicode_ci NOT NULL,
  `driver_contact` longtext CHARACTER SET utf8 COLLATE utf8_unicode_ci NOT NULL,
  `description` longtext CHARACTER SET utf8 COLLATE utf8_unicode_ci NOT NULL,
  `status` longtext CHARACTER SET utf8 COLLATE utf8_unicode_ci NOT NULL
) ENGINE=MyISAM DEFAULT CHARSET=latin1 COLLATE=latin1_swedish_ci;

--
-- Dumping data for table `vehicle`
--

INSERT INTO `vehicle` (`vehicle_id`, `name`, `vehicle_number`, `vehicle_model`, `vehicle_quantity`, `year_made`, `driver_name`, `driver_license`, `driver_contact`, `description`, `status`) VALUES
(2, 'Toyota', '423', 'Camry', '2', '2019', 'Udemy Sheg', 'License', 'Contact address here', 'description here', 'available');

--
-- Indexes for dumped tables
--

--
-- Indexes for table `academic_syllabus`
--
ALTER TABLE `academic_syllabus`
  ADD PRIMARY KEY (`id`);

--
-- Indexes for table `activity`
--
ALTER TABLE `activity`
  ADD PRIMARY KEY (`activity_id`);

--
-- Indexes for table `admin`
--
ALTER TABLE `admin`
  ADD PRIMARY KEY (`admin_id`);

--
-- Indexes for table `admin_role`
--
ALTER TABLE `admin_role`
  ADD PRIMARY KEY (`admin_role_id`);

--
-- Indexes for table `assignment`
--
ALTER TABLE `assignment`
  ADD PRIMARY KEY (`assignment_id`);

--
-- Indexes for table `attendance`
--
ALTER TABLE `attendance`
  ADD PRIMARY KEY (`attendance_id`);

--
-- Indexes for table `bank`
--
ALTER TABLE `bank`
  ADD PRIMARY KEY (`bank_id`);

--
-- Indexes for table `book`
--
ALTER TABLE `book`
  ADD PRIMARY KEY (`book_id`);

--
-- Indexes for table `book_category`
--
ALTER TABLE `book_category`
  ADD PRIMARY KEY (`book_category_id`);

--
-- Indexes for table `circular`
--
ALTER TABLE `circular`
  ADD PRIMARY KEY (`circular_id`);

--
-- Indexes for table `ci_sessions`
--
ALTER TABLE `ci_sessions`
  ADD PRIMARY KEY (`id`),
  ADD KEY `ci_sessions_timestamp` (`timestamp`);

--
-- Indexes for table `class`
--
ALTER TABLE `class`
  ADD PRIMARY KEY (`class_id`);

--
-- Indexes for table `club`
--
ALTER TABLE `club`
  ADD PRIMARY KEY (`club_id`);

--
-- Indexes for table `department`
--
ALTER TABLE `department`
  ADD PRIMARY KEY (`department_id`);

--
-- Indexes for table `designation`
--
ALTER TABLE `designation`
  ADD PRIMARY KEY (`designation_id`);

--
-- Indexes for table `dormitory`
--
ALTER TABLE `dormitory`
  ADD PRIMARY KEY (`dormitory_id`);

--
-- Indexes for table `enquiry`
--
ALTER TABLE `enquiry`
  ADD PRIMARY KEY (`enquiry_id`);

--
-- Indexes for table `enquiry_category`
--
ALTER TABLE `enquiry_category`
  ADD PRIMARY KEY (`enquiry_category_id`);

--
-- Indexes for table `exam`
--
ALTER TABLE `exam`
  ADD PRIMARY KEY (`exam_id`);

--
-- Indexes for table `exam_question`
--
ALTER TABLE `exam_question`
  ADD PRIMARY KEY (`exam_question_id`);

--
-- Indexes for table `expense_category`
--
ALTER TABLE `expense_category`
  ADD PRIMARY KEY (`expense_category_id`);

--
-- Indexes for table `hostel_category`
--
ALTER TABLE `hostel_category`
  ADD PRIMARY KEY (`hostel_category_id`);

--
-- Indexes for table `hostel_room`
--
ALTER TABLE `hostel_room`
  ADD PRIMARY KEY (`hostel_room_id`);

--
-- Indexes for table `house`
--
ALTER TABLE `house`
  ADD PRIMARY KEY (`house_id`);

--
-- Indexes for table `invoice`
--
ALTER TABLE `invoice`
  ADD PRIMARY KEY (`invoice_id`);

--
-- Indexes for table `language`
--
ALTER TABLE `language`
  ADD PRIMARY KEY (`phrase_id`);

--
-- Indexes for table `language_list`
--
ALTER TABLE `language_list`
  ADD PRIMARY KEY (`language_list_id`);

--
-- Indexes for table `leave`
--
ALTER TABLE `leave`
  ADD PRIMARY KEY (`leave_id`);

--
-- Indexes for table `mark`
--
ALTER TABLE `mark`
  ADD PRIMARY KEY (`mark_id`);

--
-- Indexes for table `material`
--
ALTER TABLE `material`
  ADD PRIMARY KEY (`material_id`);

--
-- Indexes for table `noticeboard`
--
ALTER TABLE `noticeboard`
  ADD PRIMARY KEY (`noticeboard_id`);

--
-- Indexes for table `parent`
--
ALTER TABLE `parent`
  ADD PRIMARY KEY (`parent_id`);

--
-- Indexes for table `payment`
--
ALTER TABLE `payment`
  ADD PRIMARY KEY (`payment_id`);

--
-- Indexes for table `section`
--
ALTER TABLE `section`
  ADD PRIMARY KEY (`section_id`);

--
-- Indexes for table `settings`
--
ALTER TABLE `settings`
  ADD PRIMARY KEY (`settings_id`);

--
-- Indexes for table `sms_settings`
--
ALTER TABLE `sms_settings`
  ADD PRIMARY KEY (`sms_setting_id`);

--
-- Indexes for table `social_category`
--
ALTER TABLE `social_category`
  ADD PRIMARY KEY (`social_category_id`);

--
-- Indexes for table `student`
--
ALTER TABLE `student`
  ADD PRIMARY KEY (`student_id`);

--
-- Indexes for table `student_category`
--
ALTER TABLE `student_category`
  ADD PRIMARY KEY (`student_category_id`);

--
-- Indexes for table `subject`
--
ALTER TABLE `subject`
  ADD PRIMARY KEY (`subject_id`);

--
-- Indexes for table `teacher`
--
ALTER TABLE `teacher`
  ADD PRIMARY KEY (`teacher_id`);

--
-- Indexes for table `transport`
--
ALTER TABLE `transport`
  ADD PRIMARY KEY (`transport_id`);

--
-- Indexes for table `transport_route`
--
ALTER TABLE `transport_route`
  ADD PRIMARY KEY (`transport_route_id`);

--
-- Indexes for table `vehicle`
--
ALTER TABLE `vehicle`
  ADD PRIMARY KEY (`vehicle_id`);

--
-- AUTO_INCREMENT for dumped tables
--

--
-- AUTO_INCREMENT for table `academic_syllabus`
--
ALTER TABLE `academic_syllabus`
  MODIFY `id` int(11) NOT NULL AUTO_INCREMENT, AUTO_INCREMENT=4;

--
-- AUTO_INCREMENT for table `activity`
--
ALTER TABLE `activity`
  MODIFY `activity_id` int(11) NOT NULL AUTO_INCREMENT, AUTO_INCREMENT=2;

--
-- AUTO_INCREMENT for table `admin`
--
ALTER TABLE `admin`
  MODIFY `admin_id` int(11) NOT NULL AUTO_INCREMENT, AUTO_INCREMENT=10;

--
-- AUTO_INCREMENT for table `admin_role`
--
ALTER TABLE `admin_role`
  MODIFY `admin_role_id` int(11) NOT NULL AUTO_INCREMENT, AUTO_INCREMENT=8;

--
-- AUTO_INCREMENT for table `assignment`
--
ALTER TABLE `assignment`
  MODIFY `assignment_id` int(11) NOT NULL AUTO_INCREMENT, AUTO_INCREMENT=4;

--
-- AUTO_INCREMENT for table `attendance`
--
ALTER TABLE `attendance`
  MODIFY `attendance_id` int(11) NOT NULL AUTO_INCREMENT, AUTO_INCREMENT=3;

--
-- AUTO_INCREMENT for table `bank`
--
ALTER TABLE `bank`
  MODIFY `bank_id` int(11) NOT NULL AUTO_INCREMENT, AUTO_INCREMENT=5;

--
-- AUTO_INCREMENT for table `book`
--
ALTER TABLE `book`
  MODIFY `book_id` int(11) NOT NULL AUTO_INCREMENT, AUTO_INCREMENT=5;

--
-- AUTO_INCREMENT for table `book_category`
--
ALTER TABLE `book_category`
  MODIFY `book_category_id` int(11) NOT NULL AUTO_INCREMENT, AUTO_INCREMENT=3;

--
-- AUTO_INCREMENT for table `circular`
--
ALTER TABLE `circular`
  MODIFY `circular_id` int(11) NOT NULL AUTO_INCREMENT, AUTO_INCREMENT=4;

--
-- AUTO_INCREMENT for table `class`
--
ALTER TABLE `class`
  MODIFY `class_id` int(11) NOT NULL AUTO_INCREMENT, AUTO_INCREMENT=3;

--
-- AUTO_INCREMENT for table `club`
--
ALTER TABLE `club`
  MODIFY `club_id` int(11) NOT NULL AUTO_INCREMENT, AUTO_INCREMENT=4;

--
-- AUTO_INCREMENT for table `department`
--
ALTER TABLE `department`
  MODIFY `department_id` int(11) NOT NULL AUTO_INCREMENT, AUTO_INCREMENT=5;

--
-- AUTO_INCREMENT for table `designation`
--
ALTER TABLE `designation`
  MODIFY `designation_id` int(11) NOT NULL AUTO_INCREMENT, AUTO_INCREMENT=14;

--
-- AUTO_INCREMENT for table `dormitory`
--
ALTER TABLE `dormitory`
  MODIFY `dormitory_id` int(11) NOT NULL AUTO_INCREMENT, AUTO_INCREMENT=3;

--
-- AUTO_INCREMENT for table `enquiry`
--
ALTER TABLE `enquiry`
  MODIFY `enquiry_id` int(11) NOT NULL AUTO_INCREMENT, AUTO_INCREMENT=2;

--
-- AUTO_INCREMENT for table `enquiry_category`
--
ALTER TABLE `enquiry_category`
  MODIFY `enquiry_category_id` int(11) NOT NULL AUTO_INCREMENT, AUTO_INCREMENT=6;

--
-- AUTO_INCREMENT for table `exam`
--
ALTER TABLE `exam`
  MODIFY `exam_id` int(11) NOT NULL AUTO_INCREMENT, AUTO_INCREMENT=3;

--
-- AUTO_INCREMENT for table `exam_question`
--
ALTER TABLE `exam_question`
  MODIFY `exam_question_id` int(11) NOT NULL AUTO_INCREMENT, AUTO_INCREMENT=4;

--
-- AUTO_INCREMENT for table `expense_category`
--
ALTER TABLE `expense_category`
  MODIFY `expense_category_id` int(11) NOT NULL AUTO_INCREMENT, AUTO_INCREMENT=6;

--
-- AUTO_INCREMENT for table `hostel_category`
--
ALTER TABLE `hostel_category`
  MODIFY `hostel_category_id` int(11) NOT NULL AUTO_INCREMENT, AUTO_INCREMENT=5;

--
-- AUTO_INCREMENT for table `hostel_room`
--
ALTER TABLE `hostel_room`
  MODIFY `hostel_room_id` int(11) NOT NULL AUTO_INCREMENT, AUTO_INCREMENT=3;

--
-- AUTO_INCREMENT for table `house`
--
ALTER TABLE `house`
  MODIFY `house_id` int(11) NOT NULL AUTO_INCREMENT, AUTO_INCREMENT=5;

--
-- AUTO_INCREMENT for table `invoice`
--
ALTER TABLE `invoice`
  MODIFY `invoice_id` int(11) NOT NULL AUTO_INCREMENT, AUTO_INCREMENT=4;

--
-- AUTO_INCREMENT for table `language`
--
ALTER TABLE `language`
  MODIFY `phrase_id` int(11) NOT NULL AUTO_INCREMENT, AUTO_INCREMENT=40558;

--
-- AUTO_INCREMENT for table `language_list`
--
ALTER TABLE `language_list`
  MODIFY `language_list_id` int(11) NOT NULL AUTO_INCREMENT;

--
-- AUTO_INCREMENT for table `leave`
--
ALTER TABLE `leave`
  MODIFY `leave_id` int(11) NOT NULL AUTO_INCREMENT, AUTO_INCREMENT=3;

--
-- AUTO_INCREMENT for table `mark`
--
ALTER TABLE `mark`
  MODIFY `mark_id` int(11) NOT NULL AUTO_INCREMENT, AUTO_INCREMENT=7;

--
-- AUTO_INCREMENT for table `material`
--
ALTER TABLE `material`
  MODIFY `material_id` int(11) NOT NULL AUTO_INCREMENT, AUTO_INCREMENT=2;

--
-- AUTO_INCREMENT for table `noticeboard`
--
ALTER TABLE `noticeboard`
  MODIFY `noticeboard_id` int(11) NOT NULL AUTO_INCREMENT, AUTO_INCREMENT=5;

--
-- AUTO_INCREMENT for table `parent`
--
ALTER TABLE `parent`
  MODIFY `parent_id` int(11) NOT NULL AUTO_INCREMENT, AUTO_INCREMENT=5;

--
-- AUTO_INCREMENT for table `payment`
--
ALTER TABLE `payment`
  MODIFY `payment_id` int(11) NOT NULL AUTO_INCREMENT, AUTO_INCREMENT=11;

--
-- AUTO_INCREMENT for table `section`
--
ALTER TABLE `section`
  MODIFY `section_id` int(11) NOT NULL AUTO_INCREMENT, AUTO_INCREMENT=5;

--
-- AUTO_INCREMENT for table `settings`
--
ALTER TABLE `settings`
  MODIFY `settings_id` int(11) NOT NULL AUTO_INCREMENT, AUTO_INCREMENT=123;

--
-- AUTO_INCREMENT for table `sms_settings`
--
ALTER TABLE `sms_settings`
  MODIFY `sms_setting_id` int(11) NOT NULL AUTO_INCREMENT, AUTO_INCREMENT=16;

--
-- AUTO_INCREMENT for table `social_category`
--
ALTER TABLE `social_category`
  MODIFY `social_category_id` int(11) NOT NULL AUTO_INCREMENT, AUTO_INCREMENT=5;

--
-- AUTO_INCREMENT for table `student`
--
ALTER TABLE `student`
  MODIFY `student_id` int(11) NOT NULL AUTO_INCREMENT, AUTO_INCREMENT=47;

--
-- AUTO_INCREMENT for table `student_category`
--
ALTER TABLE `student_category`
  MODIFY `student_category_id` int(11) NOT NULL AUTO_INCREMENT, AUTO_INCREMENT=3;

--
-- AUTO_INCREMENT for table `subject`
--
ALTER TABLE `subject`
  MODIFY `subject_id` int(11) NOT NULL AUTO_INCREMENT, AUTO_INCREMENT=7;

--
-- AUTO_INCREMENT for table `teacher`
--
ALTER TABLE `teacher`
  MODIFY `teacher_id` int(11) NOT NULL AUTO_INCREMENT, AUTO_INCREMENT=2;

--
-- AUTO_INCREMENT for table `transport`
--
ALTER TABLE `transport`
  MODIFY `transport_id` int(11) NOT NULL AUTO_INCREMENT, AUTO_INCREMENT=2;

--
-- AUTO_INCREMENT for table `transport_route`
--
ALTER TABLE `transport_route`
  MODIFY `transport_route_id` int(11) NOT NULL AUTO_INCREMENT, AUTO_INCREMENT=4;

--
-- AUTO_INCREMENT for table `vehicle`
--
ALTER TABLE `vehicle`
  MODIFY `vehicle_id` int(11) NOT NULL AUTO_INCREMENT, AUTO_INCREMENT=3;
COMMIT;

/*!40101 SET CHARACTER_SET_CLIENT=@OLD_CHARACTER_SET_CLIENT */;
/*!40101 SET CHARACTER_SET_RESULTS=@OLD_CHARACTER_SET_RESULTS */;
/*!40101 SET COLLATION_CONNECTION=@OLD_COLLATION_CONNECTION */;
